"Refs","Value","Voltage","Footprint","Qty"
"C101","47uF","25V","Capacitor_SMD:CP_Elec_6.3x7.7","1"
"C102,C103","4.7uF","25V","Capacitor_SMD:C_1206_3216Metric","2"
"C104","10nF","50V","Capacitor_SMD:C_0603_1608Metric","1"
"C105,C113","22nF","16V","Capacitor_SMD:C_0603_1608Metric","2"
"C106","100nF","50V","Capacitor_SMD:C_0603_1608Metric","1"
"C107,C108","47uF","10V","Capacitor_SMD:C_1210_3225Metric","2"
"C109","1nF","50V","Capacitor_SMD:C_0603_1608Metric","1"
"C110","47pF","50V","Capacitor_SMD:C_0603_1608Metric","1"
"C111,C207,C218,C222,C230","10uF","10V","Capacitor_SMD:C_0805_2012Metric","5"
"C112,C116,C201-C206,C208-C217,C219-C221,C223-C229,C231,C301-C304,C401-C404,C501-C504,C601-C604,C701-C704","100nF","16V","Capacitor_SMD:C_0402_1005Metric","49"
"C114,C115","22uF","6.3V","Capacitor_SMD:C_0805_2012Metric","2"
"C232","1uF","16V","Capacitor_SMD:C_0603_1608Metric","1"
"C251,C252","18pF","50V","Capacitor_SMD:C_0402_1005Metric","2"
"C305,C405,C505,C605,C705","1nF","2kV","Capacitor_SMD:C_1206_3216Metric","5"
"D101,D103","SS34","","Diode_SMD:D_SMA","2"
"D102","SMBJ15A","","Diode_SMD:D_SMB","1"
"D104,D251,D253,D255,D257,D259","Green","","LED_SMD:LED_0603_1608Metric","6"
"D252,D254,D256,D258,D260","Yellow","","LED_SMD:LED_0603_1608Metric","5"
"F101","1812L075/33DR","","Fuse:Fuse_1812_4532Metric","1"
"FB201-FB203,R103","0R","","Resistor_SMD:R_0603_1608Metric","4"
"J101","PJ-102AH","","Connector_BarrelJack:BarrelJack_CUI_PJ-102AH_Horizontal","1"
"J251","J_DBG","","Connector_PinHeader_2.54mm:PinHeader_1x04_P2.54mm_Vertical","1"
"J301,J401,J501,J601,J701","R-RJ45R08P-B000","","rtl8367-switch:RJ45_Ckmtw_R-RJ45R08P-B000_Horizontal","5"
"L101","6.8uH","","Inductor_SMD:L_Sunlord_SWPA6045S","1"
"L102","2.2uH","","Inductor_SMD:L_Sunlord_SWPA4030S","1"
"R101","332k","","Resistor_SMD:R_0603_1608Metric","1"
"R102","68.1k","","Resistor_SMD:R_0603_1608Metric","1"
"R104","10.2k","","Resistor_SMD:R_0603_1608Metric","1"
"R105","3.24k","","Resistor_SMD:R_0603_1608Metric","1"
"R106","29.4k","","Resistor_SMD:R_0603_1608Metric","1"
"R107","30.1k","","Resistor_SMD:R_0402_1005Metric","1"
"R108","80.6k","","Resistor_SMD:R_0402_1005Metric","1"
"R109,R111","10k","","Resistor_SMD:R_0402_1005Metric","2"
"R110","100k","","Resistor_SMD:R_0402_1005Metric","1"
"R112","1.5k","","Resistor_SMD:R_0402_1005Metric","1"
"R201","2.49k","","Resistor_SMD:R_0402_1005Metric","1"
"R251-R254,R257,R258,R261,R262,R265,R266,R269,R270,R273","4.7k","","Resistor_SMD:R_0402_1005Metric","13"
"R255,R256,R259,R260,R263,R264,R267,R268,R271,R272","470R","","Resistor_SMD:R_0402_1005Metric","10"
"R274-R289","1k","","Resistor_SMD:R_0402_1005Metric","16"
"R305-R308,R405-R408,R505-R508,R605-R608,R705-R708","75R","","Resistor_SMD:R_0603_1608Metric","20"
"SW101","RESET","","Button_Switch_SMD:SW_Push_1P1T_XKB_TS-1187A","1"
"T301,T401,T501,T601,T701","H5007NL","","rtl8367-switch:Pulse_H5007NL","5"
"U101","TPS54331DDA","","Package_SO:Texas_HSOP-8-1EP_3.9x4.9mm_P1.27mm_ThermalVias","1"
"U102","TPS62130A","","Package_DFN_QFN:VQFN-16-1EP_3x3mm_P0.5mm_EP1.68x1.68mm_ThermalVias","1"
"U103","TPS3808G30DBVR","","Package_TO_SOT_SMD:SOT-23-6","1"
"U201","RTL8367RB-VB-CG","","rtl8367-switch:LQFP-128-1EP_14x14mm_P0.4mm_EP5.5x5.5mm_ThermalVias","1"
"Y251","25MHz","","Crystal:Crystal_SMD_3225-4Pin_3.2x2.5mm","1"
