Ref,Val,Package,PosX,PosY,Rot,Side
"C109","1nF","C_0603_1608Metric",58.525000,-5.275000,180.000000,bottom
"C110","47pF","C_0603_1608Metric",59.275000,-7.775000,-90.000000,bottom
"C111","10uF","C_0805_2012Metric",40.025000,-2.925000,0.000000,bottom
"C112","100nF","C_0402_1005Metric",36.275000,-6.825000,180.000000,bottom
"C113","22nF","C_0603_1608Metric",39.575000,-1.025000,0.000000,bottom
"C114","22uF","C_0805_2012Metric",27.125000,-2.025000,180.000000,bottom
"C115","22uF","C_0805_2012Metric",27.125000,-4.825000,180.000000,bottom
"C116","100nF","C_0402_1005Metric",38.625000,-5.625000,0.000000,bottom
"C201","100nF","C_0402_1005Metric",39.705000,-16.645000,0.000000,bottom
"C202","100nF","C_0402_1005Metric",34.305000,-8.045000,0.000000,bottom
"C203","100nF","C_0402_1005Metric",26.945000,-8.045000,180.000000,bottom
"C204","100nF","C_0402_1005Metric",26.945000,-6.805000,180.000000,bottom
"C206","100nF","C_0402_1005Metric",14.025000,-7.925000,180.000000,bottom
"C207","10uF","C_0805_2012Metric",38.675000,-9.125000,180.000000,bottom
"C208","100nF","C_0402_1005Metric",36.225000,-21.425000,90.000000,bottom
"C209","100nF","C_0402_1005Metric",36.845000,-18.345000,90.000000,bottom
"C210","100nF","C_0402_1005Metric",35.745000,-15.525000,180.000000,bottom
"C211","100nF","C_0402_1005Metric",35.125000,-14.025000,180.000000,bottom
"C212","100nF","C_0402_1005Metric",36.325000,-11.525000,-90.000000,bottom
"C213","100nF","C_0402_1005Metric",34.545000,-9.805000,180.000000,bottom
"C214","100nF","C_0402_1005Metric",24.305000,-20.245000,0.000000,bottom
"C215","100nF","C_0402_1005Metric",23.205000,-22.045000,90.000000,bottom
"C216","100nF","C_0402_1005Metric",27.905000,-23.445000,0.000000,bottom
"C217","100nF","C_0402_1005Metric",32.144999,-23.725000,180.000000,bottom
"C218","10uF","C_0805_2012Metric",24.775000,-24.125000,0.000000,bottom
"C219","100nF","C_0402_1005Metric",33.245000,-15.445000,180.000000,bottom
"C220","100nF","C_0402_1005Metric",28.705000,-13.545000,0.000000,bottom
"C221","100nF","C_0402_1005Metric",26.325000,-14.325000,-90.000000,bottom
"C222","10uF","C_0805_2012Metric",31.675000,-13.225000,180.000000,bottom
"C223","100nF","C_0402_1005Metric",35.025000,-19.725000,90.000000,bottom
"C224","100nF","C_0402_1005Metric",34.545000,-16.725000,180.000000,bottom
"C225","100nF","C_0402_1005Metric",34.545000,-12.895000,180.000000,bottom
"C226","100nF","C_0402_1005Metric",33.625000,-11.625000,180.000000,bottom
"C227","100nF","C_0402_1005Metric",25.905000,-22.245000,0.000000,bottom
"C228","100nF","C_0402_1005Metric",29.905000,-22.245000,0.000000,bottom
"C229","100nF","C_0402_1005Metric",34.145000,-22.245000,180.000000,bottom
"C230","10uF","C_0805_2012Metric",26.075000,-11.225000,0.000000,bottom
"C231","100nF","C_0402_1005Metric",31.425000,-21.725000,90.000000,bottom
"C232","1uF","C_0603_1608Metric",31.525000,-28.275000,-90.000000,bottom
"C301","100nF","C_0402_1005Metric",4.980000,-42.025000,-90.000000,bottom
"C302","100nF","C_0402_1005Metric",8.790000,-42.025000,-90.000000,bottom
"C303","100nF","C_0402_1005Metric",12.600000,-42.025000,-90.000000,bottom
"C304","100nF","C_0402_1005Metric",16.410000,-42.025000,-90.000000,bottom
"C305","1nF","C_1206_3216Metric",11.325000,-48.825000,0.000000,bottom
"C401","100nF","C_0402_1005Metric",24.480000,-42.025000,-90.000000,bottom
"C402","100nF","C_0402_1005Metric",28.290000,-42.025000,-90.000000,bottom
"C403","100nF","C_0402_1005Metric",32.100000,-42.025000,-90.000000,bottom
"C404","100nF","C_0402_1005Metric",35.910000,-42.025000,-90.000000,bottom
"C405","1nF","C_1206_3216Metric",30.825000,-48.825000,0.000000,bottom
"C501","100nF","C_0402_1005Metric",43.980000,-42.025000,-90.000000,bottom
"C502","100nF","C_0402_1005Metric",47.790000,-42.025000,-90.000000,bottom
"C503","100nF","C_0402_1005Metric",51.600000,-42.025000,-90.000000,bottom
"C504","100nF","C_0402_1005Metric",55.410000,-42.025000,-90.000000,bottom
"C505","1nF","C_1206_3216Metric",50.325000,-48.825000,0.000000,bottom
"C601","100nF","C_0402_1005Metric",63.480000,-42.025000,-90.000000,bottom
"C602","100nF","C_0402_1005Metric",67.290000,-42.025000,-90.000000,bottom
"C603","100nF","C_0402_1005Metric",71.100000,-42.025000,-90.000000,bottom
"C604","100nF","C_0402_1005Metric",74.910000,-42.025000,-90.000000,bottom
"C605","1nF","C_1206_3216Metric",69.825000,-48.825000,0.000000,bottom
"C701","100nF","C_0402_1005Metric",82.980000,-42.025000,-90.000000,bottom
"C702","100nF","C_0402_1005Metric",86.790000,-42.025000,-90.000000,bottom
"C703","100nF","C_0402_1005Metric",90.600000,-42.025000,-90.000000,bottom
"C704","100nF","C_0402_1005Metric",94.410000,-42.025000,-90.000000,bottom
"C705","1nF","C_1206_3216Metric",89.325000,-48.825000,0.000000,bottom
"D102","SMBJ15A","D_SMB",72.325000,-11.325000,180.000000,bottom
"FB201","0R","R_0603_1608Metric",39.025000,-7.025000,180.000000,bottom
"FB202","0R","R_0603_1608Metric",27.450000,-20.645000,0.000000,bottom
"FB203","0R","R_0603_1608Metric",33.275000,-18.925000,-90.000000,bottom
"L102","2.2uH","L_Sunlord_SWPA4030S",31.225000,-3.425000,180.000000,bottom
"R101","332k","R_0603_1608Metric",68.775000,-6.025000,90.000000,bottom
"R102","68.1k","R_0603_1608Metric",69.525000,-3.525000,0.000000,bottom
"R103","0R","R_0603_1608Metric",57.275000,-1.775000,0.000000,bottom
"R104","10.2k","R_0603_1608Metric",60.525000,-1.775000,0.000000,bottom
"R105","3.24k","R_0603_1608Metric",58.525000,-3.525000,180.000000,bottom
"R106","29.4k","R_0603_1608Metric",57.625000,-7.645000,-90.000000,bottom
"R109","10k","R_0402_1005Metric",10.025000,-20.775000,180.000000,bottom
"R110","100k","R_0402_1005Metric",11.775000,-20.525000,-90.000000,bottom
"R111","10k","R_0402_1005Metric",10.275000,-25.775000,180.000000,bottom
"R112","1.5k","R_0402_1005Metric",85.275000,-8.775000,90.000000,bottom
"R201","2.49k","R_0402_1005Metric",40.355000,-17.775000,0.000000,bottom
"R251","4.7k","R_0402_1005Metric",39.925000,-15.125000,-90.000000,bottom
"R252","4.7k","R_0402_1005Metric",13.225000,-25.525000,90.000000,bottom
"R253","4.7k","R_0402_1005Metric",8.775000,-27.525000,-90.000000,bottom
"R254","4.7k","R_0402_1005Metric",14.125000,-18.525000,180.000000,bottom
"R255","470R","R_0402_1005Metric",19.025000,-39.625000,90.000000,bottom
"R256","470R","R_0402_1005Metric",20.625000,-39.625000,90.000000,bottom
"R257","4.7k","R_0402_1005Metric",14.125000,-17.125000,180.000000,bottom
"R258","4.7k","R_0402_1005Metric",14.125000,-15.725000,180.000000,bottom
"R259","470R","R_0402_1005Metric",38.525000,-39.625000,90.000000,bottom
"R260","470R","R_0402_1005Metric",40.125000,-39.625000,90.000000,bottom
"R261","4.7k","R_0402_1005Metric",11.125000,-15.025000,180.000000,bottom
"R262","4.7k","R_0402_1005Metric",14.125000,-13.625000,180.000000,bottom
"R263","470R","R_0402_1005Metric",58.025000,-39.625000,90.000000,bottom
"R264","470R","R_0402_1005Metric",59.625000,-39.625000,90.000000,bottom
"R265","4.7k","R_0402_1005Metric",11.125000,-12.925000,180.000000,bottom
"R266","4.7k","R_0402_1005Metric",14.125000,-12.225000,180.000000,bottom
"R267","470R","R_0402_1005Metric",77.525000,-39.625000,90.000000,bottom
"R268","470R","R_0402_1005Metric",79.125000,-39.625000,90.000000,bottom
"R269","4.7k","R_0402_1005Metric",11.125000,-11.525000,180.000000,bottom
"R270","4.7k","R_0402_1005Metric",14.125000,-9.425000,180.000000,bottom
"R271","470R","R_0402_1005Metric",97.025000,-39.625000,90.000000,bottom
"R272","470R","R_0402_1005Metric",98.625000,-39.625000,90.000000,bottom
"R273","4.7k","R_0402_1005Metric",11.125000,-8.725000,180.000000,bottom
"R286","1k","R_0402_1005Metric",14.125000,-5.025000,180.000000,bottom
"R287","1k","R_0402_1005Metric",11.125000,-5.725000,180.000000,bottom
"R288","1k","R_0402_1005Metric",14.125000,-6.425000,180.000000,bottom
"R289","1k","R_0402_1005Metric",11.125000,-7.125000,180.000000,bottom
"R305","75R","R_0603_1608Metric",5.580000,-51.625000,90.000000,bottom
"R306","75R","R_0603_1608Metric",9.390000,-51.625000,90.000000,bottom
"R307","75R","R_0603_1608Metric",13.200000,-51.625000,90.000000,bottom
"R308","75R","R_0603_1608Metric",17.010000,-51.625000,90.000000,bottom
"R405","75R","R_0603_1608Metric",25.080000,-51.625000,90.000000,bottom
"R406","75R","R_0603_1608Metric",28.890000,-51.625000,90.000000,bottom
"R407","75R","R_0603_1608Metric",32.699999,-51.625000,90.000000,bottom
"R408","75R","R_0603_1608Metric",36.510000,-51.625000,90.000000,bottom
"R505","75R","R_0603_1608Metric",44.580000,-51.625000,90.000000,bottom
"R506","75R","R_0603_1608Metric",48.390000,-51.625000,90.000000,bottom
"R507","75R","R_0603_1608Metric",52.200000,-51.625000,90.000000,bottom
"R508","75R","R_0603_1608Metric",56.010000,-51.625000,90.000000,bottom
"R605","75R","R_0603_1608Metric",64.080000,-51.625000,90.000000,bottom
"R606","75R","R_0603_1608Metric",67.890000,-51.625000,90.000000,bottom
"R607","75R","R_0603_1608Metric",71.700000,-51.625000,90.000000,bottom
"R608","75R","R_0603_1608Metric",75.510000,-51.625000,90.000000,bottom
"R705","75R","R_0603_1608Metric",83.580000,-51.625000,90.000000,bottom
"R706","75R","R_0603_1608Metric",87.390000,-51.625000,90.000000,bottom
"R707","75R","R_0603_1608Metric",91.200000,-51.625000,90.000000,bottom
"R708","75R","R_0603_1608Metric",95.010000,-51.625000,90.000000,bottom
"U102","TPS62130A","VQFN-16-1EP_3x3mm_P0.5mm_EP1.68x1.68mm_ThermalVias",35.825000,-3.425000,0.000000,bottom
"U103","TPS3808G30DBVR","SOT-23-6",10.525000,-23.325000,0.000000,bottom
"C101","47uF","CP_Elec_6.3x7.7",77.525000,-5.025000,0.000000,top
"C102","4.7uF","C_1206_3216Metric",69.125000,-5.525000,90.000000,top
"C103","4.7uF","C_1206_3216Metric",71.525000,-5.525000,90.000000,top
"C104","10nF","C_0603_1608Metric",69.325000,-9.125000,0.000000,top
"C105","22nF","C_0603_1608Metric",65.945000,-1.525000,180.000000,top
"C106","100nF","C_0603_1608Metric",65.955000,-9.425000,180.000000,top
"C107","47uF","C_1210_3225Metric",47.025000,-3.025000,180.000000,top
"C108","47uF","C_1210_3225Metric",47.025000,-6.825000,180.000000,top
"C205","100nF","C_0402_1005Metric",14.025000,-7.925000,180.000000,top
"C251","18pF","C_0402_1005Metric",20.025000,-24.255000,-90.000000,top
"C252","18pF","C_0402_1005Metric",16.825000,-19.545000,90.000000,top
"D101","SS34","D_SMA",78.025000,-11.325000,0.000000,top
"D103","SS34","D_SMA",58.325000,-5.525000,90.000000,top
"D104","Green","LED_0603_1608Metric",84.525000,-8.224999,0.000000,top
"D251","Green","LED_0603_1608Metric",19.025000,-36.625000,90.000000,top
"D252","Yellow","LED_0603_1608Metric",20.625000,-36.625000,90.000000,top
"D253","Green","LED_0603_1608Metric",38.525000,-36.625000,90.000000,top
"D254","Yellow","LED_0603_1608Metric",40.125000,-36.625000,90.000000,top
"D255","Green","LED_0603_1608Metric",58.025000,-36.625000,90.000000,top
"D256","Yellow","LED_0603_1608Metric",59.625000,-36.625000,90.000000,top
"D257","Green","LED_0603_1608Metric",77.525000,-36.625000,90.000000,top
"D258","Yellow","LED_0603_1608Metric",79.125000,-36.625000,90.000000,top
"D259","Green","LED_0603_1608Metric",97.025000,-36.625000,90.000000,top
"D260","Yellow","LED_0603_1608Metric",98.625000,-36.625000,90.000000,top
"F101","1812L075/33DR","Fuse_1812_4532Metric",84.925000,-11.325000,180.000000,top
"J101","PJ-102AH","BarrelJack_CUI_PJ-102AH_Horizontal",94.925000,-14.025000,180.000000,top
"J251","J_DBG","PinHeader_1x04_P2.54mm_Vertical",16.545000,-2.325000,-90.000000,top
"J301","R-RJ45R08P-B000","RJ45_Ckmtw_R-RJ45R08P-B000_Horizontal",13.595000,-64.085000,180.000000,top
"J401","R-RJ45R08P-B000","RJ45_Ckmtw_R-RJ45R08P-B000_Horizontal",33.095000,-64.085000,180.000000,top
"J501","R-RJ45R08P-B000","RJ45_Ckmtw_R-RJ45R08P-B000_Horizontal",52.595000,-64.085000,180.000000,top
"J601","R-RJ45R08P-B000","RJ45_Ckmtw_R-RJ45R08P-B000_Horizontal",72.095000,-64.085000,180.000000,top
"J701","R-RJ45R08P-B000","RJ45_Ckmtw_R-RJ45R08P-B000_Horizontal",91.595000,-64.085000,180.000000,top
"L101","6.8uH","L_Sunlord_SWPA6045S",53.025000,-5.025000,180.000000,top
"R107","30.1k","R_0402_1005Metric",33.125000,-1.275000,0.000000,top
"R108","80.6k","R_0402_1005Metric",35.825000,-1.275000,0.000000,top
"R274","1k","R_0402_1005Metric",34.275000,-5.025000,90.000000,top
"R275","1k","R_0402_1005Metric",33.225000,-5.025000,90.000000,top
"R276","1k","R_0402_1005Metric",32.175000,-5.025000,90.000000,top
"R277","1k","R_0402_1005Metric",31.125000,-5.025000,90.000000,top
"R278","1k","R_0402_1005Metric",30.075000,-5.025000,90.000000,top
"R279","1k","R_0402_1005Metric",29.025000,-5.025000,90.000000,top
"R280","1k","R_0402_1005Metric",27.975000,-5.025000,90.000000,top
"R281","1k","R_0402_1005Metric",26.925000,-5.025000,90.000000,top
"R282","1k","R_0402_1005Metric",25.875000,-5.025000,90.000000,top
"R283","1k","R_0402_1005Metric",24.825000,-5.025000,90.000000,top
"R284","1k","R_0402_1005Metric",23.775000,-5.025000,90.000000,top
"R285","1k","R_0402_1005Metric",22.725000,-5.025000,90.000000,top
"SW101","RESET","SW_Push_1P1T_XKB_TS-1187A",3.925000,-11.625000,90.000000,top
"T301","H5007NL","Pulse_H5007NL",10.025000,-47.025000,-90.000000,top
"T401","H5007NL","Pulse_H5007NL",29.525000,-47.025000,-90.000000,top
"T501","H5007NL","Pulse_H5007NL",49.025000,-47.025000,-90.000000,top
"T601","H5007NL","Pulse_H5007NL",68.525000,-47.025000,-90.000000,top
"T701","H5007NL","Pulse_H5007NL",88.025000,-47.025000,-90.000000,top
"U101","TPS54331DDA","Texas_HSOP-8-1EP_3.9x4.9mm_P1.27mm_ThermalVias",64.025000,-5.525000,180.000000,top
"U201","RTL8367RB-VB-CG","LQFP-128-1EP_14x14mm_P0.4mm_EP5.5x5.5mm_ThermalVias",30.025000,-16.625000,180.000000,top
"Y251","25MHz","Crystal_SMD_3225-4Pin_3.2x2.5mm",17.675000,-22.675000,90.000000,top
